subject,run,state,rec,R
S001,R01,eyes_open,S001R01,0.7001288409833407
S001,R02,eyes_closed,S001R02,0.7300457062369042
S001,R03,task,S001R03,0.7051224977364853
S001,R04,task,S001R04,0.7329524923587719
S001,R05,task,S001R05,0.864992837731423
S001,R06,task,S001R06,0.8734489173036999
S001,R07,task,S001R07,0.6707205041218153
S001,R08,task,S001R08,0.6735885024690467
S001,R09,task,S001R09,0.7830968765285962
S001,R10,task,S001R10,0.8634284405919099
S001,R11,task,S001R11,0.6566931656811306
S001,R12,task,S001R12,0.6464263220268396
S001,R13,task,S001R13,0.7548625072494961
S001,R14,task,S001R14,0.8626899969047999
S002,R01,eyes_open,S002R01,0.6590544190693162
S002,R02,eyes_closed,S002R02,0.8060539636106921
S002,R03,task,S002R03,0.9688748126412714
S002,R04,task,S002R04,0.7008703390396036
S002,R05,task,S002R05,0.7990949027703268
S002,R06,task,S002R06,0.903226645361045
S002,R07,task,S002R07,0.9266378528143223
S002,R08,task,S002R08,0.6487186256743931
S002,R09,task,S002R09,0.9754049209650346
S002,R10,task,S002R10,0.9660340601969127
S002,R11,task,S002R11,0.9567629474706749
S002,R12,task,S002R12,0.9325076528391405
S002,R13,task,S002R13,0.9132779560639129
S002,R14,task,S002R14,1.0325798688574201
S003,R01,eyes_open,S003R01,0.5615701336853671
S003,R02,eyes_closed,S003R02,0.8522196383717493
S003,R03,task,S003R03,0.7494237335081649
S003,R04,task,S003R04,0.641625576938249
S003,R05,task,S003R05,0.6849099232707602
S003,R06,task,S003R06,0.9588868723354956
S003,R07,task,S003R07,0.6689597377555766
S003,R08,task,S003R08,0.7405114015590327
S003,R09,task,S003R09,0.6761707557467761
S003,R10,task,S003R10,0.726150086731336
S003,R11,task,S003R11,0.7740142936474254
S003,R12,task,S003R12,0.8382691401846235
S003,R13,task,S003R13,0.7084696409232877
S003,R14,task,S003R14,0.5529050850853398
S004,R01,eyes_open,S004R01,0.5409154935652655
S004,R02,eyes_closed,S004R02,0.9401173367029586
S004,R03,task,S004R03,0.714572952724154
S004,R04,task,S004R04,0.5788257624291719
S004,R05,task,S004R05,0.6647289923695016
S004,R06,task,S004R06,0.7111549239165733
S004,R07,task,S004R07,0.6989536325639161
S004,R08,task,S004R08,0.6572311058640046
S004,R09,task,S004R09,0.7683552714321773
S004,R10,task,S004R10,0.7271494537232023
S004,R11,task,S004R11,0.6832119939029743
S004,R12,task,S004R12,0.5947052917237744
S004,R13,task,S004R13,0.6705807622715542
S004,R14,task,S004R14,0.7219275765451091
S005,R01,eyes_open,S005R01,0.9714819878780857
S005,R02,eyes_closed,S005R02,0.9131365814930228
S005,R03,task,S005R03,0.8069673107287451
S005,R04,task,S005R04,0.7455101144008199
S005,R05,task,S005R05,0.8028408154132906
S005,R06,task,S005R06,0.8990324023852698
S005,R07,task,S005R07,0.6864256895443287
S005,R08,task,S005R08,0.863640933732699
S005,R09,task,S005R09,0.9194303279534577
S005,R10,task,S005R10,0.8235096149459235
S005,R11,task,S005R11,0.6899288923618936
S005,R12,task,S005R12,0.8748456646964242
S005,R13,task,S005R13,0.802506687795778
S005,R14,task,S005R14,0.7581657505803407
S006,R01,eyes_open,S006R01,0.8273511539037252
S006,R02,eyes_closed,S006R02,0.5617125419668667
S006,R03,task,S006R03,0.5295132371734135
S006,R04,task,S006R04,0.6287937134834728
S006,R05,task,S006R05,0.5706243212294279
S006,R06,task,S006R06,0.86661323583242
S006,R07,task,S006R07,0.9241627205487167
S006,R08,task,S006R08,0.7836666014148056
S006,R09,task,S006R09,0.5194262439172582
S006,R10,task,S006R10,0.8969713707398249
S006,R11,task,S006R11,0.8313087505335928
S006,R12,task,S006R12,0.63208125286643
S006,R13,task,S006R13,0.5718037607104384
S006,R14,task,S006R14,0.8984671463702122
S007,R01,eyes_open,S007R01,0.9432365929684515
S007,R02,eyes_closed,S007R02,0.9142131858358697
S007,R03,task,S007R03,0.6989864240879267
S007,R04,task,S007R04,0.747225348559203
S007,R05,task,S007R05,0.7726623886312843
S007,R06,task,S007R06,0.8650540556797425
S007,R07,task,S007R07,0.6340781354283089
S007,R08,task,S007R08,0.8416150230928092
S007,R09,task,S007R09,0.998776643803769
S007,R10,task,S007R10,0.9819191707982438
S007,R11,task,S007R11,0.9184056190761407
S007,R12,task,S007R12,1.0115282831626096
S007,R13,task,S007R13,0.9832224574925461
S007,R14,task,S007R14,0.9534673795918189
S008,R01,eyes_open,S008R01,0.6566293919060737
S008,R02,eyes_closed,S008R02,0.6664633119114484
S008,R03,task,S008R03,0.8939888765595866
S008,R04,task,S008R04,0.600542379759743
S008,R05,task,S008R05,0.7386363054909687
S008,R06,task,S008R06,0.720223108189963
S008,R07,task,S008R07,0.7155417737970207
S008,R08,task,S008R08,0.6475514956662934
S008,R09,task,S008R09,0.8887562822860233
S008,R10,task,S008R10,0.6709505091537412
S008,R11,task,S008R11,0.7193237913542766
S008,R12,task,S008R12,0.8453784493296587
S008,R13,task,S008R13,0.8628739161823955
S008,R14,task,S008R14,0.9200023741125597
S009,R01,eyes_open,S009R01,0.7756824209395629
S009,R02,eyes_closed,S009R02,0.6537219323081566
S009,R03,task,S009R03,0.6652751164292101
S009,R04,task,S009R04,0.6069551318421776
S009,R05,task,S009R05,0.7944740866508159
S009,R06,task,S009R06,0.7814097845644459
S009,R07,task,S009R07,0.7407879857870011
S009,R08,task,S009R08,0.6244891438196849
S009,R09,task,S009R09,0.6154890823745122
S009,R10,task,S009R10,0.7324771312544328
S009,R11,task,S009R11,0.8497193685226295
S009,R12,task,S009R12,0.7376543750460968
S009,R13,task,S009R13,0.7365512035730611
S009,R14,task,S009R14,0.6832257939067496
S010,R01,eyes_open,S010R01,0.8670216132790963
S010,R02,eyes_closed,S010R02,0.8560190726608493
S010,R03,task,S010R03,0.6469279784263399
S010,R04,task,S010R04,0.9393247506358993
S010,R05,task,S010R05,0.692473934409897
S010,R06,task,S010R06,0.9395891182226689
S010,R07,task,S010R07,0.867568451105276
S010,R08,task,S010R08,0.8281771926023987
S010,R09,task,S010R09,0.9157993780169533
S010,R10,task,S010R10,0.8951781625304024
S010,R11,task,S010R11,0.8014478812312409
S010,R12,task,S010R12,0.8569304453955721
S010,R13,task,S010R13,0.8456870508394311
S010,R14,task,S010R14,0.8989470404616767
S011,R01,eyes_open,S011R01,0.586256836972564
S011,R02,eyes_closed,S011R02,0.6202626274992191
S011,R03,task,S011R03,0.6297587678561307
S011,R04,task,S011R04,0.7053738532183711
S011,R05,task,S011R05,0.6159842902106829
S011,R06,task,S011R06,0.6110938494313412
S011,R07,task,S011R07,0.6540178171347364
S011,R08,task,S011R08,0.642971062888464
S011,R09,task,S011R09,0.6592722124530881
S011,R10,task,S011R10,0.8795116331979892
S011,R11,task,S011R11,0.62234955329505
S011,R12,task,S011R12,0.5229957192954914
S011,R13,task,S011R13,0.4838661542375758
S011,R14,task,S011R14,0.7410059586422414
S012,R01,eyes_open,S012R01,0.6899199300505439
S012,R02,eyes_closed,S012R02,0.6679313185648489
S012,R03,task,S012R03,0.6690686582107969
S012,R04,task,S012R04,0.6990886270988166
S012,R05,task,S012R05,0.654888992744768
S012,R06,task,S012R06,0.7720190830733947
S012,R07,task,S012R07,0.5729642798577018
S012,R08,task,S012R08,0.7746167933143073
S012,R09,task,S012R09,0.69720195105154
S012,R10,task,S012R10,0.6715311895446425
S012,R11,task,S012R11,0.7804149375786911
S012,R12,task,S012R12,0.978410045853487
S012,R13,task,S012R13,0.7583707637269266
S012,R14,task,S012R14,0.6844135967561294
S013,R01,eyes_open,S013R01,0.5675303805256893
S013,R02,eyes_closed,S013R02,0.6253655377118634
S013,R03,task,S013R03,0.832148228311382
S013,R04,task,S013R04,0.5909328387336696
S013,R05,task,S013R05,0.8120359719273703
S013,R06,task,S013R06,0.7464798883263809
S013,R07,task,S013R07,0.6586979814763755
S013,R08,task,S013R08,0.8212487489017702
S013,R09,task,S013R09,0.7551729184097523
S013,R10,task,S013R10,0.7405673445100772
S013,R11,task,S013R11,0.8208623613681705
S013,R12,task,S013R12,0.7333884887436964
S013,R13,task,S013R13,0.8312292387664192
S013,R14,task,S013R14,0.7040926620995782
S014,R01,eyes_open,S014R01,0.8268813555481219
S014,R02,eyes_closed,S014R02,0.6214491059755629
S014,R03,task,S014R03,0.639959569674211
S014,R04,task,S014R04,0.7443778465087011
S014,R05,task,S014R05,0.6804311367978013
S014,R06,task,S014R06,0.8034776849116145
S014,R07,task,S014R07,0.8657403924815895
S014,R08,task,S014R08,0.8142813344622536
S014,R09,task,S014R09,0.7205854271034745
S014,R10,task,S014R10,0.6846141936479954
S014,R11,task,S014R11,0.880321256417
S014,R12,task,S014R12,0.8434896775100144
S014,R13,task,S014R13,0.710887381442921
S014,R14,task,S014R14,0.754368068862321
S015,R01,eyes_open,S015R01,0.8422111314611807
S015,R02,eyes_closed,S015R02,0.6431304481045351
S015,R03,task,S015R03,0.7126021420462236
S015,R04,task,S015R04,0.6272607758912885
S015,R05,task,S015R05,0.6841140737680764
S015,R06,task,S015R06,0.6325663246606008
S015,R07,task,S015R07,0.7415677256026171
S015,R08,task,S015R08,0.654762748096116
S015,R09,task,S015R09,0.5787732526857378
S015,R10,task,S015R10,0.9606378444263386
S015,R11,task,S015R11,0.885209199592281
S015,R12,task,S015R12,0.5826640572818351
S015,R13,task,S015R13,0.7950686545728666
S015,R14,task,S015R14,0.8264006845678734
S016,R01,eyes_open,S016R01,0.580982173632346
S016,R02,eyes_closed,S016R02,0.8633250684913057
S016,R03,task,S016R03,0.6594459540522154
S016,R04,task,S016R04,0.5466144052412291
S016,R05,task,S016R05,0.6845600242294653
S016,R06,task,S016R06,0.6517320981859005
S016,R07,task,S016R07,0.7352774566878637
S016,R08,task,S016R08,0.7954554129648052
S016,R09,task,S016R09,0.7133503659043627
S016,R10,task,S016R10,0.6815845896355606
S016,R11,task,S016R11,0.6891366177680105
S016,R12,task,S016R12,0.9844810100987494
S016,R13,task,S016R13,0.6129809042964857
S016,R14,task,S016R14,0.9346782206482244
S017,R01,eyes_open,S017R01,0.9662752876706692
S017,R02,eyes_closed,S017R02,0.6398041761901324
S017,R03,task,S017R03,0.9389538640497695
S017,R04,task,S017R04,0.9911747982466486
S017,R05,task,S017R05,1.0281527569533795
S017,R06,task,S017R06,0.9151355189318057
S017,R07,task,S017R07,1.0349000813723694
S017,R08,task,S017R08,0.5745963372288333
S017,R09,task,S017R09,0.983605402933187
S017,R10,task,S017R10,0.7277381915836547
S017,R11,task,S017R11,0.5740522062259534
S017,R12,task,S017R12,0.8287181973406169
S017,R13,task,S017R13,0.9923409036193976
S017,R14,task,S017R14,0.6091157627959448
S018,R01,eyes_open,S018R01,0.5260586601097514
S018,R02,eyes_closed,S018R02,0.7124651719022516
S018,R03,task,S018R03,0.6048600532059122
S018,R04,task,S018R04,0.6477531473661109
S018,R05,task,S018R05,0.6685556275200483
S018,R06,task,S018R06,0.6678445272880768
S018,R07,task,S018R07,0.5626934482345705
S018,R08,task,S018R08,0.5191256507204192
S018,R09,task,S018R09,0.6963955322526443
S018,R10,task,S018R10,0.5140545245928879
S018,R11,task,S018R11,0.49536052522945745
S018,R12,task,S018R12,0.5687318729843468
S018,R13,task,S018R13,0.591588515186676
S018,R14,task,S018R14,0.6289114129261428
S019,R01,eyes_open,S019R01,0.9881412595415646
S019,R02,eyes_closed,S019R02,0.7596106756828703
S019,R03,task,S019R03,0.9600517323076616
S019,R04,task,S019R04,0.9420702494804019
S019,R05,task,S019R05,0.9459099911826436
S019,R06,task,S019R06,0.8094051151718742
S019,R07,task,S019R07,0.9691769278145821
S019,R08,task,S019R08,0.8223526610105297
S019,R09,task,S019R09,0.7913284995331279
S019,R10,task,S019R10,0.9133493297152617
S019,R11,task,S019R11,0.9800268723194457
S019,R12,task,S019R12,0.8251626027130359
S019,R13,task,S019R13,0.8879000663025726
S019,R14,task,S019R14,0.9193824624681214
S020,R01,eyes_open,S020R01,0.8555976416362504
S020,R02,eyes_closed,S020R02,0.8165414662454258
S020,R03,task,S020R03,0.8624949254502948
S020,R04,task,S020R04,0.695224806854938
S020,R05,task,S020R05,0.48949966006767914
S020,R06,task,S020R06,0.8445687539935526
S020,R07,task,S020R07,0.5829938090296651
S020,R08,task,S020R08,0.6134866007084131
S020,R09,task,S020R09,0.5982937990986728
S020,R10,task,S020R10,0.8087980980746153
S020,R11,task,S020R11,0.8064979041228094
S020,R12,task,S020R12,0.7423990493410539
S020,R13,task,S020R13,0.6971168377871239
S020,R14,task,S020R14,0.789809622023471
S021,R01,eyes_open,S021R01,0.734955769380238
S021,R02,eyes_closed,S021R02,0.8238614332461879
S021,R03,task,S021R03,0.6556559596237199
S021,R04,task,S021R04,0.5508787491100358
S021,R05,task,S021R05,0.605493197228194
S021,R06,task,S021R06,0.7870825048062838
S021,R07,task,S021R07,0.7786167877712643
S021,R08,task,S021R08,0.5562378656805338
S021,R09,task,S021R09,0.822185183441374
S021,R10,task,S021R10,0.7117395242086142
S021,R11,task,S021R11,0.7133731296557351
S021,R12,task,S021R12,0.6923942771945709
S021,R13,task,S021R13,0.6343229549482149
S021,R14,task,S021R14,0.7124873919473821
S022,R01,eyes_open,S022R01,0.8123117330517574
S022,R02,eyes_closed,S022R02,0.7080570584957306
S022,R03,task,S022R03,0.670676007052329
S022,R04,task,S022R04,0.9183827266931883
S022,R05,task,S022R05,0.745440851579374
S022,R06,task,S022R06,1.0147325744722244
S022,R07,task,S022R07,0.6391805419165465
S022,R08,task,S022R08,0.7230712388402809
S022,R09,task,S022R09,1.0062456906663892
S022,R10,task,S022R10,0.7194207423027641
S022,R11,task,S022R11,0.9848003441184523
S022,R12,task,S022R12,0.591184153561416
S022,R13,task,S022R13,0.8693674961824465
S022,R14,task,S022R14,0.8872122907263179
S023,R01,eyes_open,S023R01,0.8166298672764178
S023,R02,eyes_closed,S023R02,0.9892999350462264
S023,R03,task,S023R03,0.8625139991346644
S023,R04,task,S023R04,0.9590449568675002
S023,R05,task,S023R05,0.8094560301564325
S023,R06,task,S023R06,0.7949058678163677
S023,R07,task,S023R07,0.7230462166837529
S023,R08,task,S023R08,0.7012339381844356
S023,R09,task,S023R09,0.9329663733253676
S023,R10,task,S023R10,0.8345303285363667
S023,R11,task,S023R11,0.9327005235494074
S023,R12,task,S023R12,0.8806348427669616
S023,R13,task,S023R13,0.8576933695192624
S023,R14,task,S023R14,0.9700603543669416
S024,R01,eyes_open,S024R01,0.7197194622760348
S024,R02,eyes_closed,S024R02,0.9743056224009181
S024,R03,task,S024R03,0.7839124465957493
S024,R04,task,S024R04,0.720109284085468
S024,R05,task,S024R05,0.7279200918780654
S024,R06,task,S024R06,0.7153740188490006
S024,R07,task,S024R07,0.8453708607153703
S024,R08,task,S024R08,0.6996703411002257
S024,R09,task,S024R09,0.7477193305943808
S024,R10,task,S024R10,0.6805156771576343
S024,R11,task,S024R11,0.7734284114643822
S024,R12,task,S024R12,0.7910526274394131
S024,R13,task,S024R13,0.7717154301426884
S024,R14,task,S024R14,0.6746916432494982
S025,R01,eyes_open,S025R01,0.6472924758934792
S025,R02,eyes_closed,S025R02,0.6623892704839445
S025,R03,task,S025R03,0.6957371781426722
S025,R04,task,S025R04,0.7216778311481316
S025,R05,task,S025R05,0.6386053564379383
S025,R06,task,S025R06,0.5554349414565009
S025,R07,task,S025R07,0.5624593263091562
S025,R08,task,S025R08,0.6675965030706343
S025,R09,task,S025R09,0.6417573664234643
S025,R10,task,S025R10,0.7774232553846653
S025,R11,task,S025R11,0.8090276053221754
S025,R12,task,S025R12,0.550570370779314
S025,R13,task,S025R13,0.715835030412091
S025,R14,task,S025R14,0.7096083008588319
S026,R01,eyes_open,S026R01,0.7559416267990949
S026,R02,eyes_closed,S026R02,0.643247695003193
S026,R03,task,S026R03,0.6471617985923896
S026,R04,task,S026R04,0.8688998598802777
S026,R05,task,S026R05,0.6230389204170166
S026,R06,task,S026R06,0.8911171362492489
S026,R07,task,S026R07,0.49422215067810776
S026,R08,task,S026R08,0.47579707837677093
S026,R09,task,S026R09,0.6308731489850544
S026,R10,task,S026R10,0.86082683491094
S026,R11,task,S026R11,0.8190083489263386
S026,R12,task,S026R12,0.7375887542069991
S026,R13,task,S026R13,0.8987894524235508
S026,R14,task,S026R14,0.7028443942956591
S027,R01,eyes_open,S027R01,0.852157417191336
S027,R02,eyes_closed,S027R02,0.7740498527458444
S027,R03,task,S027R03,0.9513878108590106
S027,R04,task,S027R04,0.9027005049545923
S027,R05,task,S027R05,0.8224883819576514
S027,R06,task,S027R06,0.7764687406471249
S027,R07,task,S027R07,0.8512687307726697
S027,R08,task,S027R08,0.8163418587405783
S027,R09,task,S027R09,0.9213131599577941
S027,R10,task,S027R10,0.8842968152091352
S027,R11,task,S027R11,0.8852541709853772
S027,R12,task,S027R12,0.8642372366138094
S027,R13,task,S027R13,0.764236121728605
S027,R14,task,S027R14,0.817122315280098
S028,R01,eyes_open,S028R01,0.8020868620081889
S028,R02,eyes_closed,S028R02,0.7298070387235885
S028,R03,task,S028R03,0.700521374174727
S028,R04,task,S028R04,0.9547348618237019
S028,R05,task,S028R05,0.8910518611266809
S028,R06,task,S028R06,0.748436078970798
S028,R07,task,S028R07,0.8257276299593511
S028,R08,task,S028R08,0.7294342897277779
S028,R09,task,S028R09,0.9164519418298958
S028,R10,task,S028R10,0.9474327620577115
S028,R11,task,S028R11,0.7420250625457054
S028,R12,task,S028R12,0.8832347496970928
S028,R13,task,S028R13,0.7543077507726532
S028,R14,task,S028R14,0.9661322433337483
S029,R01,eyes_open,S029R01,1.0187597808396984
S029,R02,eyes_closed,S029R02,0.9975852293900596
S029,R03,task,S029R03,0.9912647379998409
S029,R04,task,S029R04,1.0252822963940529
S029,R05,task,S029R05,1.005863986325923
S029,R06,task,S029R06,1.0311363267878015
S029,R07,task,S029R07,1.0233200787552266
S029,R08,task,S029R08,1.0594150565654905
S029,R09,task,S029R09,1.0233425344856166
S029,R10,task,S029R10,1.0250408483644364
S029,R11,task,S029R11,1.0414173879651345
S029,R12,task,S029R12,1.0914821159755248
S029,R13,task,S029R13,1.039084809201964
S029,R14,task,S029R14,1.0733088546512477
S030,R01,eyes_open,S030R01,0.7831911655763968
S030,R02,eyes_closed,S030R02,0.9101950126804196
S030,R03,task,S030R03,0.8421364265129695
S030,R04,task,S030R04,0.8802524439003513
S030,R05,task,S030R05,0.8674131531388621
S030,R06,task,S030R06,0.8320181775098152
S030,R07,task,S030R07,0.8102042856371455
S030,R08,task,S030R08,0.8772517789347162
S030,R09,task,S030R09,0.8831882986889915
S030,R10,task,S030R10,0.8863243558789564
S030,R11,task,S030R11,0.9017837066260315
S030,R12,task,S030R12,0.8894545726560964
S030,R13,task,S030R13,0.787110645937176
S030,R14,task,S030R14,0.88622860057519
S031,R01,eyes_open,S031R01,0.9463414351487556
S031,R02,eyes_closed,S031R02,0.824875191524121
S031,R03,task,S031R03,0.6121428582263202
S031,R04,task,S031R04,0.944644994214221
S031,R05,task,S031R05,0.7952623571702871
S031,R06,task,S031R06,0.7590314652218165
S031,R07,task,S031R07,0.7140757335891545
S031,R08,task,S031R08,0.7786371029588881
S031,R09,task,S031R09,0.7775999403363791
S031,R10,task,S031R10,0.7234607036258159
S031,R11,task,S031R11,0.6943963624536402
S031,R12,task,S031R12,0.6665650915343488
S031,R13,task,S031R13,0.9321587574170228
S031,R14,task,S031R14,0.7503178533668179
S032,R01,eyes_open,S032R01,0.9811310929949414
S032,R02,eyes_closed,S032R02,0.7420192153008742
S032,R03,task,S032R03,0.8836769275489432
S032,R04,task,S032R04,0.82426954998343
S032,R05,task,S032R05,0.8511096665824216
S032,R06,task,S032R06,0.6527267777185833
S032,R07,task,S032R07,0.690290141559435
S032,R08,task,S032R08,0.7913296671610663
S032,R09,task,S032R09,0.8106991684194491
S032,R10,task,S032R10,0.6834329221759149
S032,R11,task,S032R11,0.7047941607653979
S032,R12,task,S032R12,0.8517459151356217
S032,R13,task,S032R13,0.8054266295251965
S032,R14,task,S032R14,0.7259416778734203
S033,R01,eyes_open,S033R01,0.7565678062684387
S033,R02,eyes_closed,S033R02,0.981552951642721
S033,R03,task,S033R03,0.6119883384668555
S033,R04,task,S033R04,0.6671818640088071
S033,R05,task,S033R05,0.5793553595504238
S033,R06,task,S033R06,0.9877818706001805
S033,R07,task,S033R07,0.5059943285682327
S033,R08,task,S033R08,0.82485555072233
S033,R09,task,S033R09,0.6824926094108346
S033,R10,task,S033R10,0.7188447544544893
S033,R11,task,S033R11,0.9381677490693018
S033,R12,task,S033R12,0.7292754115094657
S033,R13,task,S033R13,0.8095293076080943
S033,R14,task,S033R14,0.7055000451903316
S034,R01,eyes_open,S034R01,0.6946672175663922
S034,R02,eyes_closed,S034R02,0.8254072578222044
S034,R03,task,S034R03,0.6644618779284226
S034,R04,task,S034R04,1.0027481298067225
S034,R05,task,S034R05,0.5769429232446464
S034,R06,task,S034R06,0.718492129176425
S034,R07,task,S034R07,0.6214896004261538
S034,R08,task,S034R08,0.8514971040589675
S034,R09,task,S034R09,0.6089019150297071
S034,R10,task,S034R10,0.9222525655254832
S034,R11,task,S034R11,0.6873631571641048
S034,R12,task,S034R12,0.8425005520324853
S034,R13,task,S034R13,0.8889075068486352
S034,R14,task,S034R14,0.7425168625888742
S035,R01,eyes_open,S035R01,1.017527842106962
S035,R02,eyes_closed,S035R02,1.0793879193899625
S035,R03,task,S035R03,0.9589922028092657
S035,R04,task,S035R04,1.0527052228881697
S035,R05,task,S035R05,0.9527612582309499
S035,R06,task,S035R06,0.9016775637398747
S035,R07,task,S035R07,0.98585201560292
S035,R08,task,S035R08,1.0435512088050432
S035,R09,task,S035R09,1.0452822629958243
S035,R10,task,S035R10,1.0481443407105702
S035,R11,task,S035R11,1.0224383003775819
S035,R12,task,S035R12,1.0577383783639922
S035,R13,task,S035R13,0.9518165147005994
S035,R14,task,S035R14,1.004817017819075
S036,R01,eyes_open,S036R01,0.79624587138011
S036,R02,eyes_closed,S036R02,0.665973461792021
S036,R03,task,S036R03,0.6388717831345726
S036,R04,task,S036R04,0.7064854534753687
S036,R05,task,S036R05,1.0332917489436781
S036,R06,task,S036R06,0.8287837806522812
S036,R07,task,S036R07,0.6121978131197081
S036,R08,task,S036R08,0.9581566113787056
S036,R09,task,S036R09,0.8498611268730388
S036,R10,task,S036R10,0.7995609692038708
S036,R11,task,S036R11,0.9734961501226195
S036,R12,task,S036R12,0.7641875668935502
S036,R13,task,S036R13,0.7209494691737124
S036,R14,task,S036R14,0.7971079278282983
S037,R01,eyes_open,S037R01,0.8162176028896465
S037,R02,eyes_closed,S037R02,0.48472763779181416
S037,R03,task,S037R03,0.5050384333141307
S037,R04,task,S037R04,0.922018743123384
S037,R05,task,S037R05,0.6371100585762512
S037,R06,task,S037R06,0.6459185442840174
S037,R07,task,S037R07,0.8212303457802932
S037,R08,task,S037R08,0.6770799865605225
S037,R09,task,S037R09,0.8426284690258611
S037,R10,task,S037R10,0.8505304689568842
S037,R11,task,S037R11,0.8318091821285939
S037,R12,task,S037R12,0.666748181534633
S037,R13,task,S037R13,0.8194215908330077
S037,R14,task,S037R14,0.8698556732259485
S038,R01,eyes_open,S038R01,0.8445442024974642
S038,R02,eyes_closed,S038R02,0.7058977395145664
S038,R03,task,S038R03,0.892541007193444
S038,R04,task,S038R04,0.7872182327934861
S038,R05,task,S038R05,0.7158896163520079
S038,R06,task,S038R06,1.0096346983831608
S038,R07,task,S038R07,0.5741362586060375
S038,R08,task,S038R08,0.8018474449217606
S038,R09,task,S038R09,0.7178871185709755
S038,R10,task,S038R10,0.9913804953762327
S038,R11,task,S038R11,0.9699238578581293
S038,R12,task,S038R12,0.9228517484080304
S038,R13,task,S038R13,1.0328431227615835
S038,R14,task,S038R14,0.9700258977351539
S039,R01,eyes_open,S039R01,0.7337070363874897
S039,R02,eyes_closed,S039R02,0.4923281262775175
S039,R03,task,S039R03,0.5759655713501785
S039,R04,task,S039R04,0.7546371918775654
S039,R05,task,S039R05,0.8742080396493112
S039,R06,task,S039R06,0.8090655399698693
S039,R07,task,S039R07,0.6896715465644478
S039,R08,task,S039R08,0.7267238170213299
S039,R09,task,S039R09,1.0243730766684016
S039,R10,task,S039R10,0.7957710695926334
S039,R11,task,S039R11,0.7699689879937818
S039,R12,task,S039R12,0.8106449601462137
S039,R13,task,S039R13,1.0145405393795397
S039,R14,task,S039R14,1.0054125482193905
S040,R01,eyes_open,S040R01,0.7374452488853261
S040,R02,eyes_closed,S040R02,0.7259405326065126
S040,R03,task,S040R03,0.7547576048437841
S040,R04,task,S040R04,0.6539532289547357
S040,R05,task,S040R05,0.9668773629035811
S040,R06,task,S040R06,0.6172453993001714
S040,R07,task,S040R07,0.5931946351292608
S040,R08,task,S040R08,0.6387862269765792
S040,R09,task,S040R09,0.66179771725032
S040,R10,task,S040R10,0.7097081236232025
S040,R11,task,S040R11,0.7145698937117119
S040,R12,task,S040R12,0.7226946335500456
S040,R13,task,S040R13,0.9637610165058412
S040,R14,task,S040R14,0.4911556006581191
S041,R01,eyes_open,S041R01,0.5413369528351141
S041,R02,eyes_closed,S041R02,0.7632987187254838
S041,R03,task,S041R03,0.6331700573743667
S041,R04,task,S041R04,0.9118490985539555
S041,R05,task,S041R05,0.5934768807869278
S041,R06,task,S041R06,0.584695931526138
S041,R07,task,S041R07,0.6012543123347619
S041,R08,task,S041R08,0.41983792283861565
S041,R09,task,S041R09,0.5960777257209645
S041,R10,task,S041R10,0.9315149217691081
S041,R11,task,S041R11,0.7062209892449699
S041,R12,task,S041R12,0.9159278267331576
S041,R13,task,S041R13,0.6480184915661173
S041,R14,task,S041R14,0.9153540896314838
S042,R01,eyes_open,S042R01,0.7073134927738923
S042,R02,eyes_closed,S042R02,0.92732788737681
S042,R03,task,S042R03,0.6471940086513991
S042,R04,task,S042R04,0.7606596696079143
S042,R05,task,S042R05,0.6144655267024547
S042,R06,task,S042R06,0.8205255352816899
S042,R07,task,S042R07,0.8113288170986449
S042,R08,task,S042R08,0.6434063823598203
S042,R09,task,S042R09,0.7403897928914105
S042,R10,task,S042R10,0.7074474694320992
S042,R11,task,S042R11,0.9282284926697385
S042,R12,task,S042R12,0.6978042260475569
S042,R13,task,S042R13,0.8721674646173135
S042,R14,task,S042R14,0.8503167359767083
S043,R01,eyes_open,S043R01,0.6604839233050884
S043,R02,eyes_closed,S043R02,0.7842404076829498
S043,R03,task,S043R03,0.6736556150437745
S043,R04,task,S043R04,0.7356113009577803
S043,R05,task,S043R05,0.8670698115976517
S043,R06,task,S043R06,0.6445026741053596
S043,R07,task,S043R07,0.8680569518393323
S043,R08,task,S043R08,0.8222785163184866
S043,R09,task,S043R09,0.6847133889557231
S043,R10,task,S043R10,0.8232245816557974
S043,R11,task,S043R11,0.9390873609311594
S043,R12,task,S043R12,0.8198867399199874
S043,R13,task,S043R13,0.79894060299485
S043,R14,task,S043R14,0.9913140821323896
S044,R01,eyes_open,S044R01,0.8086131538877911
S044,R02,eyes_closed,S044R02,0.9276358752075357
S044,R03,task,S044R03,0.6001547129965434
S044,R04,task,S044R04,0.8339789529984156
S044,R05,task,S044R05,0.9369947156672891
S044,R06,task,S044R06,0.6564353433978342
S044,R07,task,S044R07,0.7001313781222918
S044,R08,task,S044R08,0.7435100109143412
S044,R09,task,S044R09,1.0501823147149092
S044,R10,task,S044R10,0.6944061455004091
S044,R11,task,S044R11,0.817744853923794
S044,R12,task,S044R12,0.8604818135741129
S044,R13,task,S044R13,0.7744127715210355
S044,R14,task,S044R14,0.8512247088696782
S045,R01,eyes_open,S045R01,0.7227780736891151
S045,R02,eyes_closed,S045R02,0.9510153558955237
S045,R03,task,S045R03,0.9746870959650477
S045,R04,task,S045R04,0.5485688391384387
S045,R05,task,S045R05,0.9891443589606829
S045,R06,task,S045R06,0.6858945275300232
S045,R07,task,S045R07,0.6830017086242971
S045,R08,task,S045R08,0.8407744031511551
S045,R09,task,S045R09,0.9330962380568875
S045,R10,task,S045R10,0.932662097127269
S045,R11,task,S045R11,0.9760928093777821
S045,R12,task,S045R12,0.8040171835692597
S045,R13,task,S045R13,0.8338421597518817
S045,R14,task,S045R14,0.7561430232916284
S046,R01,eyes_open,S046R01,0.5222252683944383
S046,R02,eyes_closed,S046R02,0.7087691206847225
S046,R03,task,S046R03,0.9221628926671961
S046,R04,task,S046R04,0.5851368404323204
S046,R05,task,S046R05,0.8391428412278442
S046,R06,task,S046R06,0.8436472717804029
S046,R07,task,S046R07,1.0114159846497592
S046,R08,task,S046R08,0.7052355141000507
S046,R09,task,S046R09,0.9798037399396112
S046,R10,task,S046R10,0.7768459333712888
S046,R11,task,S046R11,0.983830835224901
S046,R12,task,S046R12,0.8486747535129037
S046,R13,task,S046R13,0.6260167031992939
S046,R14,task,S046R14,0.6654732778669284
S047,R01,eyes_open,S047R01,0.9510521658061539
S047,R02,eyes_closed,S047R02,0.662991836026052
S047,R03,task,S047R03,0.4708999781246245
S047,R04,task,S047R04,0.5006942133107652
S047,R05,task,S047R05,0.6538842804300427
S047,R06,task,S047R06,0.5529251954913281
S047,R07,task,S047R07,0.5790839029235803
S047,R08,task,S047R08,0.5359082417369992
S047,R09,task,S047R09,0.7128372790613048
S047,R10,task,S047R10,0.46269752163161915
S047,R11,task,S047R11,0.5607783273491987
S047,R12,task,S047R12,0.6418554218871331
S047,R13,task,S047R13,0.5749312734184857
S047,R14,task,S047R14,0.5261686050735277
S048,R01,eyes_open,S048R01,0.7546063591137824
S048,R02,eyes_closed,S048R02,0.660444624488938
S048,R03,task,S048R03,0.7957414527612713
S048,R04,task,S048R04,0.9169828182932716
S048,R05,task,S048R05,0.7293405521208174
S048,R06,task,S048R06,0.762966877158725
S048,R07,task,S048R07,0.785023749405201
S048,R08,task,S048R08,0.7867080042169527
S048,R09,task,S048R09,0.8245898904278978
S048,R10,task,S048R10,0.7368613451994285
S048,R11,task,S048R11,0.8066070520031138
S048,R12,task,S048R12,0.7313688783526778
S048,R13,task,S048R13,0.7675226142523056
S048,R14,task,S048R14,0.8268668823610053
S049,R01,eyes_open,S049R01,0.6535951040708621
S049,R02,eyes_closed,S049R02,0.6929134486222568
S049,R03,task,S049R03,0.6268936607106057
S049,R04,task,S049R04,0.7205887767125003
S049,R05,task,S049R05,0.9202738273616001
S049,R06,task,S049R06,0.9758594424462209
S049,R07,task,S049R07,0.8678910415304336
S049,R08,task,S049R08,0.9608012245216294
S049,R09,task,S049R09,0.8655469342816623
S049,R10,task,S049R10,0.9391654778078337
S049,R11,task,S049R11,0.9356646831190828
S049,R12,task,S049R12,0.8812439098183282
S049,R13,task,S049R13,0.9543998116603387
S049,R14,task,S049R14,0.9047047287569236
S050,R01,eyes_open,S050R01,0.6714488125760195
S050,R02,eyes_closed,S050R02,0.6873521725358356
S050,R03,task,S050R03,0.5049301540854525
S050,R04,task,S050R04,0.6481328093443977
S050,R05,task,S050R05,0.6764338408173439
S050,R06,task,S050R06,0.6593519091753477
S050,R07,task,S050R07,0.6650579092042805
S050,R08,task,S050R08,0.6240419933517447
S050,R09,task,S050R09,0.6016439650497104
S050,R10,task,S050R10,0.624351906373881
S050,R11,task,S050R11,0.6996179093648025
S050,R12,task,S050R12,0.6446826008386537
S050,R13,task,S050R13,0.6474417690566799
S050,R14,task,S050R14,0.6094153847002918
S051,R01,eyes_open,S051R01,0.4466220053644955
S051,R02,eyes_closed,S051R02,0.6283865491687984
S051,R03,task,S051R03,0.6203450937396596
S051,R04,task,S051R04,0.7732579486187713
S051,R05,task,S051R05,0.8252898804661004
S051,R06,task,S051R06,0.7652473734725608
S051,R07,task,S051R07,0.5121396077201599
S051,R08,task,S051R08,0.7629693366714315
S051,R09,task,S051R09,0.8082278569894361
S051,R10,task,S051R10,0.8295685392093242
S051,R11,task,S051R11,0.5846419315519858
S051,R12,task,S051R12,0.7406391076064183
S051,R13,task,S051R13,0.8646842418755779
S051,R14,task,S051R14,0.748146642873476
S052,R01,eyes_open,S052R01,0.7898183162716698
S052,R02,eyes_closed,S052R02,0.9059793562391957
S052,R03,task,S052R03,1.0011125607184075
S052,R04,task,S052R04,0.6266024124618726
S052,R05,task,S052R05,0.8296035250762215
S052,R06,task,S052R06,0.65371764289136
S052,R07,task,S052R07,0.9713430425082256
S052,R08,task,S052R08,0.9746580562081886
S052,R09,task,S052R09,0.8265866093403336
S052,R10,task,S052R10,0.7615684240919915
S052,R11,task,S052R11,0.7512232829077392
S052,R12,task,S052R12,1.0143217808456464
S052,R13,task,S052R13,0.7918237749739025
S052,R14,task,S052R14,1.023118251210762
S053,R01,eyes_open,S053R01,0.8039666850593786
S053,R02,eyes_closed,S053R02,0.6312547149644416
S053,R03,task,S053R03,0.6766393039184461
S053,R04,task,S053R04,0.6496090064747683
S053,R05,task,S053R05,0.7250700291587807
S053,R06,task,S053R06,0.6816193012148999
S053,R07,task,S053R07,0.6694916604202119
S053,R08,task,S053R08,0.702717371182245
S053,R09,task,S053R09,0.768538332274456
S053,R10,task,S053R10,0.6505321430306988
S053,R11,task,S053R11,0.8041013564433351
S053,R12,task,S053R12,0.6890538329211346
S053,R13,task,S053R13,0.6555598587991349
S053,R14,task,S053R14,0.6705820928023285
S054,R01,eyes_open,S054R01,0.6694458245708985
S054,R02,eyes_closed,S054R02,0.9433158733533775
S054,R03,task,S054R03,0.6278950752850467
S054,R04,task,S054R04,0.7757156301917526
S054,R05,task,S054R05,0.6861493635903203
S054,R06,task,S054R06,0.7546608066650519
S054,R07,task,S054R07,0.7352461599938527
S054,R08,task,S054R08,0.9823603126673054
S054,R09,task,S054R09,0.6763397727176451
S054,R10,task,S054R10,0.7349193601507411
S054,R11,task,S054R11,0.708806881082721
S054,R12,task,S054R12,0.6390275185588506
S054,R13,task,S054R13,0.6993682545882428
S054,R14,task,S054R14,0.7929721407252543
S055,R01,eyes_open,S055R01,0.674002133277691
S055,R02,eyes_closed,S055R02,0.7275808912871976
S055,R03,task,S055R03,0.5273267438668269
S055,R04,task,S055R04,0.625703229253755
S055,R05,task,S055R05,0.5152052960032976
S055,R06,task,S055R06,0.5879055210742705
S055,R07,task,S055R07,0.5374516586803861
S055,R08,task,S055R08,0.5746347530071095
S055,R09,task,S055R09,0.5197443950597208
S055,R10,task,S055R10,0.546350902683733
S055,R11,task,S055R11,0.5968631798664952
S055,R12,task,S055R12,0.7150168149915813
S055,R13,task,S055R13,0.5110809618342241
S055,R14,task,S055R14,0.6058067553096175
S056,R01,eyes_open,S056R01,0.7591326384498396
S056,R02,eyes_closed,S056R02,0.748678642958921
S056,R03,task,S056R03,0.7407379514137156
S056,R04,task,S056R04,0.741369718819498
S056,R05,task,S056R05,0.9296330644765328
S056,R06,task,S056R06,0.7032376164901926
S056,R07,task,S056R07,0.7995711837429833
S056,R08,task,S056R08,0.8960454295983408
S056,R09,task,S056R09,0.9781091001982892
S056,R10,task,S056R10,1.0091330739743258
S056,R11,task,S056R11,0.6234148931136091
S056,R12,task,S056R12,0.6044118805976973
S056,R13,task,S056R13,0.7923457380614585
S056,R14,task,S056R14,0.8674648205195497
S057,R01,eyes_open,S057R01,0.7329189597121798
S057,R02,eyes_closed,S057R02,0.7451025225325565
S057,R03,task,S057R03,0.7986487504020854
S057,R04,task,S057R04,0.698888955732107
S057,R05,task,S057R05,0.8351435509228522
S057,R06,task,S057R06,0.7101383836617683
S057,R07,task,S057R07,0.694633692401603
S057,R08,task,S057R08,0.7723883352400992
S057,R09,task,S057R09,0.7917996859851362
S057,R10,task,S057R10,0.791076480617764
S057,R11,task,S057R11,1.0119887559137837
S057,R12,task,S057R12,0.8379151504741342
S057,R13,task,S057R13,0.6557561358399592
S057,R14,task,S057R14,0.9709189896894374
S058,R01,eyes_open,S058R01,0.6424166306737515
S058,R02,eyes_closed,S058R02,0.7883593099234609
S058,R03,task,S058R03,0.7440541774303392
S058,R04,task,S058R04,0.6615777148475845
S058,R05,task,S058R05,0.5754969408452815
S058,R06,task,S058R06,0.5756128669213363
S058,R07,task,S058R07,0.7171287139732812
S058,R08,task,S058R08,0.7626890067769683
S058,R09,task,S058R09,0.8640116703186776
S058,R10,task,S058R10,0.7167994405596679
S058,R11,task,S058R11,0.6418915101864295
S058,R12,task,S058R12,0.7468324803200089
S058,R13,task,S058R13,0.656429267861086
S058,R14,task,S058R14,0.6508139681138211
S059,R01,eyes_open,S059R01,0.8052095507595249
S059,R02,eyes_closed,S059R02,0.6553140406997618
S059,R03,task,S059R03,0.6522824204132629
S059,R04,task,S059R04,0.6191140078311151
S059,R05,task,S059R05,0.6865758263793098
S059,R06,task,S059R06,0.5832961756489425
S059,R07,task,S059R07,0.8339637617091683
S059,R08,task,S059R08,0.63884680971848
S059,R09,task,S059R09,0.788714180709597
S059,R10,task,S059R10,0.8570434507996638
S059,R11,task,S059R11,0.8768619052123231
S059,R12,task,S059R12,0.8429611080307925
S059,R13,task,S059R13,0.731021305299862
S059,R14,task,S059R14,0.7907076019026172
S060,R01,eyes_open,S060R01,0.7933498899575578
S060,R02,eyes_closed,S060R02,0.7971757016710881
S060,R03,task,S060R03,0.7985313548804001
S060,R04,task,S060R04,0.757710138842684
S060,R05,task,S060R05,0.8881318160510931
S060,R06,task,S060R06,0.7007432496317608
S060,R07,task,S060R07,0.7331847632948206
S060,R08,task,S060R08,0.9746683688388458
S060,R09,task,S060R09,0.7400683227688518
S060,R10,task,S060R10,0.7123961400183663
S060,R11,task,S060R11,0.5962430968961769
S060,R12,task,S060R12,0.8833470077596363
S060,R13,task,S060R13,1.0001342396548454
S060,R14,task,S060R14,0.8227615017629408
S061,R01,eyes_open,S061R01,0.6101386489567556
S061,R02,eyes_closed,S061R02,0.7773953379664403
S061,R03,task,S061R03,0.6402415763772037
S061,R04,task,S061R04,0.7912504509091481
S061,R05,task,S061R05,0.7485219496294085
S061,R06,task,S061R06,0.6805907843867995
S061,R07,task,S061R07,0.6405068344815237
S061,R08,task,S061R08,0.728149683461513
S061,R09,task,S061R09,0.6702985933148666
S061,R10,task,S061R10,0.7633734090722819
S061,R11,task,S061R11,0.7405663491149568
S061,R12,task,S061R12,0.7364178704535811
S061,R13,task,S061R13,0.8706479742285372
S061,R14,task,S061R14,0.6924185170025514
S062,R01,eyes_open,S062R01,0.6754854150895844
S062,R02,eyes_closed,S062R02,0.7722326701070182
S062,R03,task,S062R03,0.9593479881412039
S062,R04,task,S062R04,0.699645716119919
S062,R05,task,S062R05,0.9360911808390606
S062,R06,task,S062R06,0.6016965162641906
S062,R07,task,S062R07,0.5842430686717371
S062,R08,task,S062R08,0.6048333460886434
S062,R09,task,S062R09,0.6438540876886842
S062,R10,task,S062R10,0.8105752743637515
S062,R11,task,S062R11,0.6512499564272917
S062,R12,task,S062R12,0.7330328725064251
S062,R13,task,S062R13,0.7296942695340134
S062,R14,task,S062R14,0.7720778885225336
S063,R01,eyes_open,S063R01,0.9453958034152998
S063,R02,eyes_closed,S063R02,0.8728347336706636
S063,R03,task,S063R03,0.9067399755691959
S063,R04,task,S063R04,0.9139562662868672
S063,R05,task,S063R05,0.8618657323697503
S063,R06,task,S063R06,0.9002950032990598
S063,R07,task,S063R07,0.8715662150917254
S063,R08,task,S063R08,0.848500956425163
S063,R09,task,S063R09,0.9056302884376316
S063,R10,task,S063R10,0.7863067233411929
S063,R11,task,S063R11,0.8682576016711071
S063,R12,task,S063R12,0.8904236087773195
S063,R13,task,S063R13,0.8344235735769373
S063,R14,task,S063R14,0.9373711485259394
S064,R01,eyes_open,S064R01,0.4620260138237364
S064,R02,eyes_closed,S064R02,0.8220537751541601
S064,R03,task,S064R03,0.6214092244776467
S064,R04,task,S064R04,0.8455451428440942
S064,R05,task,S064R05,0.5819043975219119
S064,R06,task,S064R06,0.9381953461373437
S064,R07,task,S064R07,0.7093497419414517
S064,R08,task,S064R08,0.941797519484033
S064,R09,task,S064R09,0.8464644650513227
S064,R10,task,S064R10,0.5905053055405269
S064,R11,task,S064R11,0.6119804711307368
S064,R12,task,S064R12,0.5993862529264428
S064,R13,task,S064R13,0.6142517961028193
S064,R14,task,S064R14,0.6597939501450352
S065,R01,eyes_open,S065R01,0.7406694293533311
S065,R02,eyes_closed,S065R02,0.8144509911506363
S065,R03,task,S065R03,0.7266572999387807
S065,R04,task,S065R04,0.7631918740891502
S065,R05,task,S065R05,0.8966457012528879
S065,R06,task,S065R06,0.6626342453174028
S065,R07,task,S065R07,0.6504231909435124
S065,R08,task,S065R08,0.7395674480659509
S065,R09,task,S065R09,0.8242730056545502
S065,R10,task,S065R10,0.7263182266099785
S065,R11,task,S065R11,0.7402940846288041
S065,R12,task,S065R12,1.0880198128813894
S065,R13,task,S065R13,0.7826307640300881
S065,R14,task,S065R14,0.6449931000045076
S066,R01,eyes_open,S066R01,0.7550151416441063
S066,R02,eyes_closed,S066R02,0.6573992997820521
S066,R03,task,S066R03,0.7783493032179951
S066,R04,task,S066R04,0.8430372290592848
S066,R05,task,S066R05,0.6768069311626325
S066,R06,task,S066R06,0.7911242644167472
S066,R07,task,S066R07,0.8973049386339118
S066,R08,task,S066R08,0.754905101986316
S066,R09,task,S066R09,0.939227855802083
S066,R10,task,S066R10,0.8068125563781336
S066,R11,task,S066R11,0.8085661026175008
S066,R12,task,S066R12,0.8795697874672469
S066,R13,task,S066R13,0.8154889108471535
S066,R14,task,S066R14,0.8365215766625297
S067,R01,eyes_open,S067R01,0.8998843246645277
S067,R02,eyes_closed,S067R02,0.7107614324889141
S067,R03,task,S067R03,0.7668965975078778
S067,R04,task,S067R04,0.8232436030101202
S067,R05,task,S067R05,0.6381457277694429
S067,R06,task,S067R06,0.5549175920296019
S067,R07,task,S067R07,0.7651415472240178
S067,R08,task,S067R08,0.8418764681130069
S067,R09,task,S067R09,0.7968384271188171
S067,R10,task,S067R10,0.7091340434646944
S067,R11,task,S067R11,0.8439081401820494
S067,R12,task,S067R12,0.4807393481484183
S067,R13,task,S067R13,0.8673509289691712
S067,R14,task,S067R14,0.4933540194841712
S068,R01,eyes_open,S068R01,0.6283413851368377
S068,R02,eyes_closed,S068R02,0.7716985937595622
S068,R03,task,S068R03,0.8369411398150306
S068,R04,task,S068R04,0.6921215190850902
S068,R05,task,S068R05,0.7545753933486519
S068,R06,task,S068R06,0.8405086769257365
S068,R07,task,S068R07,0.9051622814949188
S068,R08,task,S068R08,0.8608287920016084
S068,R09,task,S068R09,0.9169788589449085
S068,R10,task,S068R10,0.9395811499343844
S068,R11,task,S068R11,0.7737204733395473
S068,R12,task,S068R12,0.7915517082137761
S068,R13,task,S068R13,0.9178438043507431
S068,R14,task,S068R14,0.9046348806659602
S069,R01,eyes_open,S069R01,0.6057018057134311
S069,R02,eyes_closed,S069R02,0.8314027254708636
S069,R03,task,S069R03,0.9188234715091902
S069,R04,task,S069R04,0.7874908023005828
S069,R05,task,S069R05,0.7265146454724439
S069,R06,task,S069R06,0.7457197150101275
S069,R07,task,S069R07,0.7020069637927124
S069,R08,task,S069R08,0.5917317225597447
S069,R09,task,S069R09,0.891183462539984
S069,R10,task,S069R10,0.8558634762022815
S069,R11,task,S069R11,0.8876545128786315
S069,R12,task,S069R12,0.9185330141189509
S069,R13,task,S069R13,0.8985558802685705
S069,R14,task,S069R14,0.7969286273166021
S070,R01,eyes_open,S070R01,0.9887822318060204
S070,R02,eyes_closed,S070R02,0.6880144663590703
S070,R03,task,S070R03,0.7656029531764745
S070,R04,task,S070R04,0.673915745546391
S070,R05,task,S070R05,0.6300310674667824
S070,R06,task,S070R06,0.6570783663464005
S070,R07,task,S070R07,0.7173630179147288
S070,R08,task,S070R08,0.6831924712746016
S070,R09,task,S070R09,0.688067866157557
S070,R10,task,S070R10,0.7397760782198827
S070,R11,task,S070R11,0.6377418166714904
S070,R12,task,S070R12,0.9964003508890387
S070,R13,task,S070R13,0.7383806011494359
S070,R14,task,S070R14,0.6024272488217554
S071,R01,eyes_open,S071R01,0.5802911783825601
S071,R02,eyes_closed,S071R02,0.6593840787622518
S071,R03,task,S071R03,0.7126365050833761
S071,R04,task,S071R04,0.677087878321551
S071,R05,task,S071R05,0.7007426055962482
S071,R06,task,S071R06,0.8158540467590008
S071,R07,task,S071R07,0.9606584138927674
S071,R08,task,S071R08,0.6053870343757803
S071,R09,task,S071R09,0.6474839660235836
S071,R10,task,S071R10,0.6824843854604448
S071,R11,task,S071R11,0.6640629190273543
S071,R12,task,S071R12,0.6662933328935932
S071,R13,task,S071R13,0.7351226148908254
S071,R14,task,S071R14,0.7452508256614273
S072,R01,eyes_open,S072R01,0.6852971335219752
S072,R02,eyes_closed,S072R02,0.7894925673555925
S072,R03,task,S072R03,0.532499922199407
S072,R04,task,S072R04,0.5450058043603722
S072,R05,task,S072R05,0.7357905029301895
S072,R06,task,S072R06,0.5774776064538529
S072,R07,task,S072R07,0.6269074627230865
S072,R08,task,S072R08,0.67438772369996
S072,R09,task,S072R09,0.5639843335095716
S072,R10,task,S072R10,0.7556884281651428
S072,R11,task,S072R11,0.5038271618346919
S072,R12,task,S072R12,0.8525443621877465
S072,R13,task,S072R13,0.521706748009967
S072,R14,task,S072R14,0.8015412964438191
S073,R01,eyes_open,S073R01,0.9432157944277957
S073,R02,eyes_closed,S073R02,0.6668069840534104
S073,R03,task,S073R03,0.8017228589449189
S073,R04,task,S073R04,0.546360807350726
S073,R05,task,S073R05,0.7406198305917155
S073,R06,task,S073R06,0.7363147671757453
S073,R07,task,S073R07,0.6693098561249697
S073,R08,task,S073R08,0.6230630524513295
S073,R09,task,S073R09,0.8334041420293758
S073,R10,task,S073R10,0.8103660896911996
S073,R11,task,S073R11,0.5118260734551696
S073,R12,task,S073R12,0.6027101778020642
S073,R13,task,S073R13,0.9121844825273111
S073,R14,task,S073R14,0.5349601635230431
S074,R01,eyes_open,S074R01,0.612184705348257
S074,R02,eyes_closed,S074R02,0.7108549274374231
S074,R03,task,S074R03,0.6788660198226617
S074,R04,task,S074R04,0.8720462230468934
S074,R05,task,S074R05,0.6170405773508751
S074,R06,task,S074R06,0.6323633962424552
S074,R07,task,S074R07,0.685913019392672
S074,R08,task,S074R08,0.6356782744483901
S074,R09,task,S074R09,0.8585608985464436
S074,R10,task,S074R10,0.7875596908149817
S074,R11,task,S074R11,0.8223686027875092
S074,R12,task,S074R12,0.782334683175386
S074,R13,task,S074R13,0.8586845817737248
S074,R14,task,S074R14,0.8505036917697447
S075,R01,eyes_open,S075R01,0.7803291975107014
S075,R02,eyes_closed,S075R02,0.7897413662003151
S075,R03,task,S075R03,0.6974442091402746
S075,R04,task,S075R04,0.675501219845594
S075,R05,task,S075R05,1.0000714128990198
S075,R06,task,S075R06,1.0154861298733278
S075,R07,task,S075R07,1.032462404594031
S075,R08,task,S075R08,0.7426151684690674
S075,R09,task,S075R09,0.9984670878468093
S075,R10,task,S075R10,0.792795953949715
S075,R11,task,S075R11,0.6901137684262965
S075,R12,task,S075R12,0.6962986006389114
S075,R13,task,S075R13,1.008142192092065
S075,R14,task,S075R14,0.8305567124363985
S076,R01,eyes_open,S076R01,0.7259191014876673
S076,R02,eyes_closed,S076R02,0.707448755974286
S076,R03,task,S076R03,0.6657937812872586
S076,R04,task,S076R04,0.6331910433574683
S076,R05,task,S076R05,0.5087392263447269
S076,R06,task,S076R06,0.6210896143484891
S076,R07,task,S076R07,0.7709786501541481
S076,R08,task,S076R08,0.7187260137934187
S076,R09,task,S076R09,0.5566857695288033
S076,R10,task,S076R10,0.5217842211788938
S076,R11,task,S076R11,0.7114495505443919
S076,R12,task,S076R12,0.8255371164739249
S076,R13,task,S076R13,0.6022322685374475
S076,R14,task,S076R14,0.7035814062721119
S077,R01,eyes_open,S077R01,0.7085796738698706
S077,R02,eyes_closed,S077R02,0.7510805258338008
S077,R03,task,S077R03,0.7359566598422286
S077,R04,task,S077R04,0.6700743619618773
S077,R05,task,S077R05,0.7689858978172677
S077,R06,task,S077R06,0.8321536679171012
S077,R07,task,S077R07,0.8548598991927931
S077,R08,task,S077R08,0.8600816503840449
S077,R09,task,S077R09,0.7866913746566604
S077,R10,task,S077R10,0.7343816591276527
S077,R11,task,S077R11,0.9567690177948761
S077,R12,task,S077R12,0.8006554060062782
S077,R13,task,S077R13,0.9097176425203019
S077,R14,task,S077R14,0.9270543414001376
S078,R01,eyes_open,S078R01,0.656703471809897
S078,R02,eyes_closed,S078R02,0.7772740810761051
S078,R03,task,S078R03,0.9031982638795418
S078,R04,task,S078R04,0.8292771460087691
S078,R05,task,S078R05,0.8225378638854619
S078,R06,task,S078R06,0.7164433736347847
S078,R07,task,S078R07,0.8976915023114985
S078,R08,task,S078R08,0.8334523939649816
S078,R09,task,S078R09,0.9420815555844164
S078,R10,task,S078R10,0.8015505004351371
S078,R11,task,S078R11,0.8339382843459435
S078,R12,task,S078R12,0.7469627038066159
S078,R13,task,S078R13,0.8863983094459619
S078,R14,task,S078R14,0.7828977592803411
S079,R01,eyes_open,S079R01,0.7165345612204017
S079,R02,eyes_closed,S079R02,0.76582647499565
S079,R03,task,S079R03,0.8359895820406623
S079,R04,task,S079R04,0.8717368443468629
S079,R05,task,S079R05,0.8224327625775358
S079,R06,task,S079R06,0.9450249216871112
S079,R07,task,S079R07,0.8028657888659918
S079,R08,task,S079R08,0.8869457961692676
S079,R09,task,S079R09,0.84093601740218
S079,R10,task,S079R10,0.930114223902958
S079,R11,task,S079R11,0.8176035702791247
S079,R12,task,S079R12,0.7191664054579284
S079,R13,task,S079R13,0.7673311395372014
S079,R14,task,S079R14,0.8222622211210232
S080,R01,eyes_open,S080R01,0.7616771551609007
S080,R02,eyes_closed,S080R02,0.9007346583649738
S080,R03,task,S080R03,0.6756875719024945
S080,R04,task,S080R04,0.6295633098910888
S080,R05,task,S080R05,0.686944136799566
S080,R06,task,S080R06,0.8336533791664099
S080,R07,task,S080R07,0.7766560751000811
S080,R08,task,S080R08,0.7284313388655552
S080,R09,task,S080R09,0.9487932866255514
S080,R10,task,S080R10,0.6399536719280913
S080,R11,task,S080R11,0.9146393111152832
S080,R12,task,S080R12,0.7082531676253642
S080,R13,task,S080R13,0.7914056181207682
S080,R14,task,S080R14,0.6890463801148493
S081,R01,eyes_open,S081R01,0.6015936793020222
S081,R02,eyes_closed,S081R02,0.8423471136491688
S081,R03,task,S081R03,0.6374066038396392
S081,R04,task,S081R04,0.5763493108566202
S081,R05,task,S081R05,0.7627089978490463
S081,R06,task,S081R06,0.6173552947739444
S081,R07,task,S081R07,0.6319134203926814
S081,R08,task,S081R08,0.6312916925185383
S081,R09,task,S081R09,0.7061598529715947
S081,R10,task,S081R10,0.7569246274003743
S081,R11,task,S081R11,0.7278088592159176
S081,R12,task,S081R12,0.6327668981849047
S081,R13,task,S081R13,0.6949464982054818
S081,R14,task,S081R14,0.7115355908357542
S082,R01,eyes_open,S082R01,0.7165963358883922
S082,R02,eyes_closed,S082R02,0.7375381116989742
S082,R03,task,S082R03,0.7162584043961577
S082,R04,task,S082R04,0.8776210349256963
S082,R05,task,S082R05,0.6621171017507811
S082,R06,task,S082R06,0.849889635178537
S082,R07,task,S082R07,0.786965244065592
S082,R08,task,S082R08,0.7816161281309074
S082,R09,task,S082R09,0.6065061380430673
S082,R10,task,S082R10,0.6730532617680779
S082,R11,task,S082R11,0.6955450410737669
S082,R12,task,S082R12,0.8928893733414295
S082,R13,task,S082R13,0.8601599911879075
S082,R14,task,S082R14,0.8322974126532809
S083,R01,eyes_open,S083R01,0.5992122339611778
S083,R02,eyes_closed,S083R02,0.6441987582646251
S083,R03,task,S083R03,0.7038165359371245
S083,R04,task,S083R04,0.8054681544411281
S083,R05,task,S083R05,0.5795346827370849
S083,R06,task,S083R06,0.9488352265707153
S083,R07,task,S083R07,0.7834414219663552
S083,R08,task,S083R08,0.7951985840718447
S083,R09,task,S083R09,0.8755419575126638
S083,R10,task,S083R10,0.7187335864008888
S083,R11,task,S083R11,0.756575701960289
S083,R12,task,S083R12,0.7413360137197901
S083,R13,task,S083R13,0.86513146837075
S083,R14,task,S083R14,1.047050687075632
S084,R01,eyes_open,S084R01,0.5596107321402861
S084,R02,eyes_closed,S084R02,0.6685399797023273
S084,R03,task,S084R03,0.745365005070317
S084,R04,task,S084R04,0.9070216346978716
S084,R05,task,S084R05,0.9456142870354612
S084,R06,task,S084R06,0.6893968199440705
S084,R07,task,S084R07,1.0019849817725375
S084,R08,task,S084R08,0.6102469228139343
S084,R09,task,S084R09,0.7274639368606768
S084,R10,task,S084R10,0.6538780296827483
S084,R11,task,S084R11,0.7815756189046329
S084,R12,task,S084R12,0.7151437012229905
S084,R13,task,S084R13,0.9907799893217212
S084,R14,task,S084R14,1.0029721910994842
S085,R01,eyes_open,S085R01,0.7116703513610348
S085,R02,eyes_closed,S085R02,0.6278598030606386
S085,R03,task,S085R03,0.6628321240595917
S085,R04,task,S085R04,0.723128023064387
S085,R05,task,S085R05,0.7198951544324795
S085,R06,task,S085R06,0.8874172294570262
S085,R07,task,S085R07,0.5621873672598545
S085,R08,task,S085R08,0.8232239049052136
S085,R09,task,S085R09,0.9000133469846947
S085,R10,task,S085R10,0.7344915997955911
S085,R11,task,S085R11,0.7957562142207432
S085,R12,task,S085R12,0.692120120266043
S085,R13,task,S085R13,0.8888136865903514
S085,R14,task,S085R14,0.6423377132774619
S086,R01,eyes_open,S086R01,0.709284069274497
S086,R02,eyes_closed,S086R02,0.7627806469269294
S086,R03,task,S086R03,1.0007381586363273
S086,R04,task,S086R04,0.9790727101256057
S086,R05,task,S086R05,0.9522387310040483
S086,R06,task,S086R06,0.5463675998187685
S086,R07,task,S086R07,0.7119689021407515
S086,R08,task,S086R08,0.600462330952682
S086,R09,task,S086R09,0.8707799422039476
S086,R10,task,S086R10,0.7776964900664095
S086,R11,task,S086R11,1.0048175870387017
S086,R12,task,S086R12,0.6011478779474052
S086,R13,task,S086R13,0.8009847620859009
S086,R14,task,S086R14,0.634807332973626
S087,R01,eyes_open,S087R01,0.7069810486393189
S087,R02,eyes_closed,S087R02,0.7531643656294326
S087,R03,task,S087R03,0.7772631498849003
S087,R04,task,S087R04,0.8527274026922803
S087,R05,task,S087R05,0.872448189029567
S087,R06,task,S087R06,0.7394548638033485
S087,R07,task,S087R07,0.8244640655807817
S087,R08,task,S087R08,0.7240874503896444
S087,R09,task,S087R09,0.8780384854615904
S087,R10,task,S087R10,0.706475720443246
S087,R11,task,S087R11,0.8702726795473811
S087,R12,task,S087R12,0.7281247713032711
S087,R13,task,S087R13,0.7990840345851673
S087,R14,task,S087R14,0.6452487039459215
S088,R01,eyes_open,S088R01,0.7601217132595472
S088,R02,eyes_closed,S088R02,0.9549315370746615
S088,R03,task,S088R03,0.9240186457267797
S088,R04,task,S088R04,0.9164148905782571
S088,R05,task,S088R05,0.9267515018096238
S088,R06,task,S088R06,0.9931727608830289
S088,R07,task,S088R07,0.9150219605415177
S088,R08,task,S088R08,0.8855298909722434
S088,R09,task,S088R09,0.8490340091995056
S088,R10,task,S088R10,0.7424732561078008
S088,R11,task,S088R11,0.8566981113451443
S088,R12,task,S088R12,0.9565400926972194
S088,R13,task,S088R13,0.8007772633049083
S088,R14,task,S088R14,0.9331768218469325
S089,R01,eyes_open,S089R01,0.5217859996049379
S089,R02,eyes_closed,S089R02,0.5039745649927441
S089,R03,task,S089R03,0.5902722359609014
S089,R04,task,S089R04,0.7853103285589034
S089,R05,task,S089R05,0.45726691748257003
S089,R06,task,S089R06,0.6046300036849342
S089,R07,task,S089R07,0.5581898267712613
S089,R08,task,S089R08,0.5514230034018578
S089,R09,task,S089R09,0.5042094497929762
S089,R10,task,S089R10,0.5140989938353815
S089,R11,task,S089R11,0.5854769838489402
S089,R12,task,S089R12,0.6613952099702175
S089,R13,task,S089R13,0.5592605641734066
S089,R14,task,S089R14,0.5495645290658182
S090,R01,eyes_open,S090R01,0.8596388870683763
S090,R02,eyes_closed,S090R02,0.842182917615373
S090,R03,task,S090R03,0.6035840409617418
S090,R04,task,S090R04,0.7102678537345245
S090,R05,task,S090R05,0.86927965368173
S090,R06,task,S090R06,0.8957910893217761
S090,R07,task,S090R07,0.9398874330396398
S090,R08,task,S090R08,0.9057458578187215
S090,R09,task,S090R09,0.7117551723439257
S090,R10,task,S090R10,0.6625079484454942
S090,R11,task,S090R11,0.6942805776318389
S090,R12,task,S090R12,0.9386869921496579
S090,R13,task,S090R13,0.6121248206801195
S090,R14,task,S090R14,0.851513212307178
S091,R01,eyes_open,S091R01,0.7392025195637346
S091,R02,eyes_closed,S091R02,0.768165710349971
S091,R03,task,S091R03,0.6982059617594164
S091,R04,task,S091R04,0.7053634285101498
S091,R05,task,S091R05,0.7689883339493997
S091,R06,task,S091R06,0.7381321835071505
S091,R07,task,S091R07,0.5517403337773601
S091,R08,task,S091R08,0.7488778703343344
S091,R09,task,S091R09,1.0101244512721828
S091,R10,task,S091R10,0.6280873723555618
S091,R11,task,S091R11,0.9063405865930382
S091,R12,task,S091R12,0.9054641902059454
S091,R13,task,S091R13,0.9495602353732052
S091,R14,task,S091R14,0.707292918028188
S092,R01,eyes_open,S092R01,0.6767325807353499
S092,R02,eyes_closed,S092R02,0.7052592554895185
S092,R03,task,S092R03,0.9371303228124864
S092,R04,task,S092R04,0.8981442852187912
S092,R05,task,S092R05,0.9763215750274866
S092,R06,task,S092R06,0.9633776866825656
S092,R07,task,S092R07,1.0047918216326537
S092,R08,task,S092R08,0.8901892292347673
S092,R09,task,S092R09,0.9256141017872594
S092,R10,task,S092R10,0.9153267434137426
S092,R11,task,S092R11,0.9909400799917346
S092,R12,task,S092R12,0.9764515769693167
S092,R13,task,S092R13,0.981695154381063
S092,R14,task,S092R14,0.92772988298605
S093,R01,eyes_open,S093R01,0.8059249992279388
S093,R02,eyes_closed,S093R02,0.7343237147355538
S093,R03,task,S093R03,0.587319565715243
S093,R04,task,S093R04,0.6200868634729211
S093,R05,task,S093R05,0.6461659014254157
S093,R06,task,S093R06,0.8861142484743115
S093,R07,task,S093R07,0.6585107541878461
S093,R08,task,S093R08,0.6521767240904793
S093,R09,task,S093R09,0.8466152383681228
S093,R10,task,S093R10,0.8516014342857295
S093,R11,task,S093R11,0.6749070556353439
S093,R12,task,S093R12,0.7976199867764197
S093,R13,task,S093R13,0.7142148587195296
S093,R14,task,S093R14,0.7519299344484979
S094,R01,eyes_open,S094R01,0.7948206995998409
S094,R02,eyes_closed,S094R02,0.777533438563042
S094,R03,task,S094R03,0.7950124970756568
S094,R04,task,S094R04,1.0685045156217636
S094,R05,task,S094R05,0.7955282713705721
S094,R06,task,S094R06,1.03290958549471
S094,R07,task,S094R07,1.0285896858986763
S094,R08,task,S094R08,1.0358109305552428
S094,R09,task,S094R09,0.823291583911928
S094,R10,task,S094R10,0.6262002663753009
S094,R11,task,S094R11,0.9338698622847951
S094,R12,task,S094R12,0.971169340775883
S094,R13,task,S094R13,1.0178897772465771
S094,R14,task,S094R14,1.0615621079996893
S095,R01,eyes_open,S095R01,0.8833060909753515
S095,R02,eyes_closed,S095R02,0.8184939210910485
S095,R03,task,S095R03,0.6774851616313695
S095,R04,task,S095R04,0.8116207405980419
S095,R05,task,S095R05,0.6629409180199274
S095,R06,task,S095R06,0.6871185555647187
S095,R07,task,S095R07,0.8864607485559872
S095,R08,task,S095R08,0.9478591650678646
S095,R09,task,S095R09,0.9023582486049277
S095,R10,task,S095R10,0.8405454102909125
S095,R11,task,S095R11,0.9283218578257879
S095,R12,task,S095R12,0.8801356160197525
S095,R13,task,S095R13,0.9318716006190344
S095,R14,task,S095R14,1.0250793361223671
S096,R01,eyes_open,S096R01,0.7429454580452483
S096,R02,eyes_closed,S096R02,0.9405602553553984
S096,R03,task,S096R03,0.6468640478393074
S096,R04,task,S096R04,0.6644002211266165
S096,R05,task,S096R05,0.5367573534563191
S096,R06,task,S096R06,0.863338906448478
S096,R07,task,S096R07,0.7992163830059018
S096,R08,task,S096R08,0.837422393744926
S096,R09,task,S096R09,0.8441647161586661
S096,R10,task,S096R10,0.9553481379567751
S096,R11,task,S096R11,0.8148674770874336
S096,R12,task,S096R12,0.8588931096023922
S096,R13,task,S096R13,0.8873111358494554
S096,R14,task,S096R14,0.8679718658020729
S097,R01,eyes_open,S097R01,0.6821284344762152
S097,R02,eyes_closed,S097R02,0.852202832867238
S097,R03,task,S097R03,0.7242566497991022
S097,R04,task,S097R04,0.9520389593576674
S097,R05,task,S097R05,0.8830466906238765
S097,R06,task,S097R06,0.9094260353785362
S097,R07,task,S097R07,0.9470956633053319
S097,R08,task,S097R08,1.0304587200144049
S097,R09,task,S097R09,0.9221478884659127
S097,R10,task,S097R10,0.8051966474252054
S097,R11,task,S097R11,0.8884991287160543
S097,R12,task,S097R12,0.9286595537884317
S097,R13,task,S097R13,0.8972370351821728
S097,R14,task,S097R14,0.7705854536712841
S098,R01,eyes_open,S098R01,0.8152657236843907
S098,R02,eyes_closed,S098R02,0.863636369734425
S098,R03,task,S098R03,0.9572141301735126
S098,R04,task,S098R04,0.6215859902538753
S098,R05,task,S098R05,0.7411183824193593
S098,R06,task,S098R06,0.7786275846855076
S098,R07,task,S098R07,0.9183296690733677
S098,R08,task,S098R08,0.7141471542392085
S098,R09,task,S098R09,0.7043514427089144
S098,R10,task,S098R10,0.7712830183544053
S098,R11,task,S098R11,0.9217307107039611
S098,R12,task,S098R12,0.7234905726398636
S098,R13,task,S098R13,0.8278434140272872
S098,R14,task,S098R14,0.805124283263685
S099,R01,eyes_open,S099R01,0.7971098265456856
S099,R02,eyes_closed,S099R02,0.6780203407414263
S099,R03,task,S099R03,0.7571055578764097
S099,R04,task,S099R04,0.8989878364234944
S099,R05,task,S099R05,0.6675000549495437
S099,R06,task,S099R06,0.8864668780083556
S099,R07,task,S099R07,0.7290310770515054
S099,R08,task,S099R08,0.8273458240617546
S099,R09,task,S099R09,0.8122678438920555
S099,R10,task,S099R10,0.8001859741552251
S099,R11,task,S099R11,0.8148732482529001
S099,R12,task,S099R12,0.8041082569718299
S099,R13,task,S099R13,0.9225081906158518
S099,R14,task,S099R14,0.9497616966865314
S100,R01,eyes_open,S100R01,0.7599685427526403
S100,R02,eyes_closed,S100R02,0.8297392222883261
S100,R03,task,S100R03,0.7142079283204714
S100,R04,task,S100R04,0.7929850157654352
S100,R05,task,S100R05,0.9849320541101564
S100,R06,task,S100R06,0.7155670637931917
S100,R07,task,S100R07,0.9914626950546424
S100,R08,task,S100R08,0.9291954197074801
S100,R09,task,S100R09,0.8156362370076563
S100,R10,task,S100R10,1.0524519315614316
S100,R11,task,S100R11,0.9523604850419425
S100,R12,task,S100R12,1.0162530000985361
S100,R13,task,S100R13,0.9483009923221916
S100,R14,task,S100R14,0.7927512907044268
S101,R01,eyes_open,S101R01,0.7123077507061583
S101,R02,eyes_closed,S101R02,0.6356900733508029
S101,R03,task,S101R03,0.8285180706304606
S101,R04,task,S101R04,0.6483220135327568
S101,R05,task,S101R05,0.8928059057799985
S101,R06,task,S101R06,0.6512465917675303
S101,R07,task,S101R07,0.7124439383285953
S101,R08,task,S101R08,0.8115731056123275
S101,R09,task,S101R09,0.7663161289618283
S101,R10,task,S101R10,0.6956967868205977
S101,R11,task,S101R11,0.8439678157094987
S101,R12,task,S101R12,0.8831030009706556
S101,R13,task,S101R13,0.7558352704161848
S101,R14,task,S101R14,0.9773831607327591
S102,R01,eyes_open,S102R01,0.6736942722254455
S102,R02,eyes_closed,S102R02,0.5562682790270216
S102,R03,task,S102R03,0.5798482419562181
S102,R04,task,S102R04,0.6177832549508762
S102,R05,task,S102R05,0.6700908772907626
S102,R06,task,S102R06,0.5751245844068735
S102,R07,task,S102R07,0.8097748471663898
S102,R08,task,S102R08,0.5870359959747599
S102,R09,task,S102R09,0.7519627603117804
S102,R10,task,S102R10,0.5690120012041866
S102,R11,task,S102R11,0.5878725894082489
S102,R12,task,S102R12,0.4577255884082343
S102,R13,task,S102R13,0.8219828595503801
S102,R14,task,S102R14,0.9502604318678262
S103,R01,eyes_open,S103R01,0.6844346354314862
S103,R02,eyes_closed,S103R02,0.8584383749709331
S103,R03,task,S103R03,0.6685804364689313
S103,R04,task,S103R04,0.8967433958111509
S103,R05,task,S103R05,0.7845266902578687
S103,R06,task,S103R06,0.91982645611307
S103,R07,task,S103R07,0.6767958669852832
S103,R08,task,S103R08,0.9543726446588046
S103,R09,task,S103R09,0.9328277644642772
S103,R10,task,S103R10,0.6832720568476683
S103,R11,task,S103R11,0.9116925288502625
S103,R12,task,S103R12,0.7596234200337303
S103,R13,task,S103R13,0.7114365315598159
S103,R14,task,S103R14,0.7489726785742991
S104,R01,eyes_open,S104R01,0.8662546855494291
S104,R02,eyes_closed,S104R02,0.8149652152230717
S104,R03,task,S104R03,0.972218816089904
S104,R04,task,S104R04,0.6624077551156459
S104,R05,task,S104R05,0.8583145157431211
S104,R06,task,S104R06,0.8651544952901032
S104,R07,task,S104R07,0.9998178229629953
S104,R08,task,S104R08,0.9615370483846669
S104,R09,task,S104R09,0.9820318746766789
S104,R10,task,S104R10,0.9981997529625363
S104,R11,task,S104R11,0.6929398155617289
S104,R12,task,S104R12,0.7562840506757703
S104,R13,task,S104R13,0.9266964016478582
S104,R14,task,S104R14,0.9653221039620864
S105,R01,eyes_open,S105R01,0.6551344135731947
S105,R02,eyes_closed,S105R02,0.8519486189201793
S105,R03,task,S105R03,0.6984900942210592
S105,R04,task,S105R04,0.9177761011276312
S105,R05,task,S105R05,0.8648035317823535
S105,R06,task,S105R06,0.5822662544316779
S105,R07,task,S105R07,0.9419066025483248
S105,R08,task,S105R08,0.8332784732712396
S105,R09,task,S105R09,0.7863783271119694
S105,R10,task,S105R10,0.7864353839718626
S105,R11,task,S105R11,0.931225175677907
S105,R12,task,S105R12,0.7454368057769342
S105,R13,task,S105R13,0.765397598630096
S105,R14,task,S105R14,0.7470313789320255
S106,R01,eyes_open,S106R01,0.6148709477934272
S106,R02,eyes_closed,S106R02,0.8164917023433479
S106,R03,task,S106R03,0.9137730827679404
S106,R04,task,S106R04,0.7460115803408651
S106,R05,task,S106R05,0.9190983525949551
S106,R06,task,S106R06,0.763400230938201
S106,R07,task,S106R07,0.7754495119067749
S106,R08,task,S106R08,0.6527451876594614
S106,R09,task,S106R09,0.9670345414319901
S106,R10,task,S106R10,0.9402486126293231
S106,R11,task,S106R11,0.8242943763478878
S106,R12,task,S106R12,0.9328204655972431
S106,R13,task,S106R13,0.7624752396212372
S106,R14,task,S106R14,0.747474149882237
S107,R01,eyes_open,S107R01,0.8713740622610915
S107,R02,eyes_closed,S107R02,0.7316995964521155
S107,R03,task,S107R03,0.8561382884222059
S107,R04,task,S107R04,0.8200500440907396
S107,R05,task,S107R05,0.7964383264883346
S107,R06,task,S107R06,0.8386862973454674
S107,R07,task,S107R07,0.8984865957013148
S107,R08,task,S107R08,0.9377500650639615
S107,R09,task,S107R09,0.8823700511601522
S107,R10,task,S107R10,0.920236642687363
S107,R11,task,S107R11,0.7640805533077434
S107,R12,task,S107R12,0.7840294438133208
S107,R13,task,S107R13,0.8387195075257777
S107,R14,task,S107R14,0.8294299944543904
S108,R01,eyes_open,S108R01,0.5942884671393975
S108,R02,eyes_closed,S108R02,0.8201575314538503
S108,R03,task,S108R03,0.8226241240704197
S108,R04,task,S108R04,0.9404724195336875
S108,R05,task,S108R05,0.8267729415183612
S108,R06,task,S108R06,0.8550942467230007
S108,R07,task,S108R07,0.902295705888935
S108,R08,task,S108R08,0.7378164971621306
S108,R09,task,S108R09,0.6048828590564168
S108,R10,task,S108R10,0.7110865063932369
S108,R11,task,S108R11,0.7249105955205635
S108,R12,task,S108R12,0.6277685347829524
S108,R13,task,S108R13,0.685521905764237
S108,R14,task,S108R14,0.7946703576749247
S109,R01,eyes_open,S109R01,1.0255751440591065
S109,R02,eyes_closed,S109R02,0.9066687383248444
S109,R03,task,S109R03,0.8988059244198655
S109,R04,task,S109R04,0.8101463389824247
S109,R05,task,S109R05,0.8575254686032021
S109,R06,task,S109R06,0.6817956116634237
S109,R07,task,S109R07,0.7501214182761788
S109,R08,task,S109R08,0.7646534964825168
S109,R09,task,S109R09,0.6924137434604329
S109,R10,task,S109R10,0.7232323531752133
S109,R11,task,S109R11,0.7625817792710785
S109,R12,task,S109R12,0.7917043043629058
S109,R13,task,S109R13,0.841463735826595
S109,R14,task,S109R14,0.9696880007976307
